Image Name,Label
7319.jpg,2
8563.jpg,1
7708.jpg,2
6765.jpg,1
9929.jpg,0
3792.jpg,0
2101.jpg,2
10898.jpg,1
16223.jpg,1
3743.jpg,0
6177.jpg,2
4604.jpg,2
8162.jpg,1
7122.jpg,2
12126.jpg,1
417.jpg,2
3195.jpg,2
13789.jpg,1
12536.jpg,0
10056.jpg,0
4818.jpg,0
3344.jpg,1
8562.jpg,2
16426.jpg,2
11987.jpg,1
1810.jpg,2
7478.jpg,0
8588.jpg,1
2289.jpg,2
3829.jpg,0
5091.jpg,2
13947.jpg,2
17065.jpg,0
18222.jpg,2
6029.jpg,2
16593.jpg,0
11372.jpg,1
16750.jpg,0
2921.jpg,1
8364.jpg,2
17706.jpg,1
18026.jpg,0
17329.jpg,2
11028.jpg,2
12849.jpg,1
8205.jpg,2
12679.jpg,1
10903.jpg,2
8238.jpg,0
16988.jpg,0
16741.jpg,2
19666.jpg,0
11149.jpg,1
19505.jpg,2
15267.jpg,2
3025.jpg,1
13417.jpg,2
8604.jpg,0
5046.jpg,2
758.jpg,1
7125.jpg,1
13982.jpg,0
6002.jpg,2
2698.jpg,2
9848.jpg,1
12524.jpg,2
8826.jpg,2
12040.jpg,1
19110.jpg,1
1225.jpg,1
13808.jpg,2
11377.jpg,1
11941.jpg,0
2658.jpg,1
982.jpg,2
18435.jpg,0
2115.jpg,1
3813.jpg,0
7493.jpg,0
10240.jpg,1
9042.jpg,0
6824.jpg,1
6748.jpg,0
12734.jpg,0
17474.jpg,2
16187.jpg,2
17510.jpg,2
11957.jpg,1
5451.jpg,0
7440.jpg,1
13170.jpg,0
6213.jpg,0
6014.jpg,0
1744.jpg,2
17262.jpg,0
17503.jpg,0
13198.jpg,2
5866.jpg,0
11371.jpg,0
17856.jpg,1
7721.jpg,2
8764.jpg,1
13969.jpg,0
10520.jpg,0
12695.jpg,2
18351.jpg,2
9877.jpg,2
13364.jpg,0
12257.jpg,0
1768.jpg,1
11764.jpg,1
12093.jpg,2
18791.jpg,0
12044.jpg,2
12508.jpg,2
16021.jpg,2
5535.jpg,0
18397.jpg,0
348.jpg,2
13372.jpg,1
5735.jpg,0
14223.jpg,1
11428.jpg,0
12295.jpg,0
12330.jpg,0
7333.jpg,2
2688.jpg,0
1792.jpg,2
2304.jpg,2
2704.jpg,2
18828.jpg,2
17270.jpg,0
4616.jpg,1
4808.jpg,2
2066.jpg,2
3386.jpg,1
4761.jpg,1
2648.jpg,0
1584.jpg,1
2909.jpg,1
10929.jpg,1
14568.jpg,0
8439.jpg,2
2249.jpg,2
5056.jpg,2
13377.jpg,0
9696.jpg,1
12719.jpg,0
15528.jpg,0
14783.jpg,0
4348.jpg,1
15474.jpg,1
4560.jpg,0
3194.jpg,2
12874.jpg,0
19924.jpg,1
18541.jpg,2
1219.jpg,1
1787.jpg,0
13404.jpg,0
16141.jpg,0
14182.jpg,0
1623.jpg,0
7337.jpg,2
15449.jpg,2
7451.jpg,2
7533.jpg,2
18586.jpg,2
10487.jpg,2
3624.jpg,1
11560.jpg,0
17264.jpg,0
18752.jpg,0
11947.jpg,0
10123.jpg,1
5695.jpg,0
12495.jpg,2
13767.jpg,1
2049.jpg,1
16027.jpg,2
5468.jpg,2
8411.jpg,2
16807.jpg,0
1024.jpg,1
7678.jpg,2
9250.jpg,2
12723.jpg,2
11945.jpg,0
2512.jpg,1
809.jpg,0
7330.jpg,2
11200.jpg,2
12685.jpg,0
17936.jpg,2
3586.jpg,2
17273.jpg,0
10874.jpg,2
11599.jpg,0
13575.jpg,2
10865.jpg,0
7532.jpg,1
15070.jpg,2
7294.jpg,2
13770.jpg,0
12863.jpg,0
5240.jpg,2
5494.jpg,2
18022.jpg,1
6836.jpg,1
7084.jpg,0
772.jpg,0
14022.jpg,0
12900.jpg,1
10257.jpg,0
3152.jpg,2
15271.jpg,2
7250.jpg,0
19272.jpg,2
9736.jpg,0
17516.jpg,0
17711.jpg,1
5452.jpg,0
18552.jpg,2
612.jpg,0
14383.jpg,0
3368.jpg,1
11570.jpg,0
19138.jpg,1
12533.jpg,0
13833.jpg,1
1742.jpg,2
1989.jpg,1
17064.jpg,0
4598.jpg,0
16427.jpg,1
7531.jpg,0
12096.jpg,1
2713.jpg,0
17539.jpg,0
10650.jpg,2
7284.jpg,2
13946.jpg,0
1392.jpg,2
10849.jpg,0
16800.jpg,0
2513.jpg,2
5867.jpg,2
13824.jpg,1
16755.jpg,1
9137.jpg,2
17670.jpg,2
567.jpg,1
11374.jpg,0
4997.jpg,2
18742.jpg,1
11605.jpg,0
19115.jpg,1
10121.jpg,1
11389.jpg,1
7696.jpg,1
11173.jpg,0
3958.jpg,1
4239.jpg,0
16579.jpg,0
18815.jpg,0
9055.jpg,2
2464.jpg,2
19116.jpg,2
11010.jpg,2
14009.jpg,2
4399.jpg,1
9495.jpg,1
2076.jpg,0
2850.jpg,0
9446.jpg,0
1546.jpg,0
1970.jpg,2
12456.jpg,1
18350.jpg,1
9297.jpg,0
11612.jpg,2
2670.jpg,0
19249.jpg,0
15716.jpg,1
4832.jpg,0
1778.jpg,2
18025.jpg,0
12490.jpg,1
17662.jpg,0
9646.jpg,2
12290.jpg,0
14769.jpg,0
16355.jpg,1
16434.jpg,2
7494.jpg,2
9645.jpg,1
15672.jpg,2
12125.jpg,1
3989.jpg,0
2274.jpg,1
15515.jpg,0
7686.jpg,1
17075.jpg,0
13759.jpg,1
4029.jpg,1
13994.jpg,1
1395.jpg,0
15067.jpg,1
2885.jpg,2
20030.jpg,2
16594.jpg,0
3035.jpg,0
17896.jpg,0
15920.jpg,0
18031.jpg,1
2307.jpg,1
15472.jpg,1
835.jpg,0
7453.jpg,2
13951.jpg,0
5109.jpg,1
15660.jpg,2
19661.jpg,0
2712.jpg,2
229.jpg,2
6956.jpg,0
2273.jpg,0
6775.jpg,2
12669.jpg,0
18743.jpg,0
4000.jpg,0
12083.jpg,2
4759.jpg,2
9319.jpg,1
564.jpg,2
17073.jpg,0
10446.jpg,2
18551.jpg,2
6428.jpg,2
4398.jpg,0
4210.jpg,2
13602.jpg,2
5656.jpg,0
17461.jpg,1
18182.jpg,0
2510.jpg,2
15061.jpg,0
11016.jpg,2
7720.jpg,1
10730.jpg,0
789.jpg,0
16578.jpg,0
749.jpg,0
5246.jpg,1
17464.jpg,1
14958.jpg,0
558.jpg,1
11366.jpg,0
16584.jpg,2
1569.jpg,0
15264.jpg,1
18829.jpg,2
17449.jpg,2
17857.jpg,1
16154.jpg,1
14740.jpg,2
11176.jpg,2
15273.jpg,1
15106.jpg,1
17063.jpg,2
5337.jpg,0
10135.jpg,1
8957.jpg,1
18795.jpg,1
14622.jpg,2
20024.jpg,2
75.jpg,2
6968.jpg,1
6983.jpg,0
18024.jpg,1
6629.jpg,0
5291.jpg,0
14578.jpg,1
15076.jpg,2
13943.jpg,0
8954.jpg,2
8612.jpg,2
9320.jpg,1
12120.jpg,2
4015.jpg,2
15260.jpg,2
5683.jpg,2
19667.jpg,2
13159.jpg,1
12440.jpg,2
13167.jpg,1
14609.jpg,1
4566.jpg,2
17311.jpg,2
10326.jpg,2
13400.jpg,0
13940.jpg,2
15517.jpg,1
10495.jpg,0
4006.jpg,2
11830.jpg,1
12050.jpg,0
17846.jpg,1
14191.jpg,1
7131.jpg,2
19883.jpg,2
10690.jpg,2
8388.jpg,2
18568.jpg,1
1145.jpg,1
17891.jpg,0
5250.jpg,1
7308.jpg,0
2502.jpg,2
7874.jpg,1
15674.jpg,0
15844.jpg,1
17716.jpg,2
4413.jpg,1
11376.jpg,1
7490.jpg,1
10337.jpg,2
18781.jpg,2
10455.jpg,2
2107.jpg,1
16974.jpg,1
16948.jpg,0
8606.jpg,2
12721.jpg,1
12134.jpg,0
6978.jpg,2
14146.jpg,2
16543.jpg,0
16020.jpg,0
18753.jpg,2
18622.jpg,1
2263.jpg,0
4628.jpg,1
7325.jpg,0
12068.jpg,0
11364.jpg,1
4002.jpg,0
12668.jpg,0
9726.jpg,2
19930.jpg,1
8600.jpg,1
17470.jpg,1
6940.jpg,1
11188.jpg,1
980.jpg,1
4012.jpg,0
3768.jpg,0
3745.jpg,0
10654.jpg,1
611.jpg,2
943.jpg,1
997.jpg,1
7282.jpg,0
10281.jpg,1
13819.jpg,1
7509.jpg,0
19089.jpg,0
3354.jpg,2
5319.jpg,2
15488.jpg,1
4205.jpg,2
9650.jpg,2
1221.jpg,0
9888.jpg,2
8982.jpg,2
9323.jpg,1
16432.jpg,0
7906.jpg,2
14035.jpg,0
11400.jpg,1
5135.jpg,2
5872.jpg,1
5083.jpg,1
8406.jpg,2
3744.jpg,2
16425.jpg,1
2310.jpg,1
1977.jpg,0
1430.jpg,1
10718.jpg,1
15310.jpg,1
16757.jpg,1
18797.jpg,0
2465.jpg,1
18420.jpg,2
11788.jpg,0
7093.jpg,1
15064.jpg,0
1988.jpg,1
11375.jpg,1
14595.jpg,2
1757.jpg,1
3355.jpg,2
18195.jpg,0
9862.jpg,0
10055.jpg,2
158.jpg,0
5696.jpg,0
993.jpg,0
8407.jpg,1
14754.jpg,2
10256.jpg,2
19077.jpg,0
13748.jpg,1
16625.jpg,1
12492.jpg,2
6575.jpg,2
14756.jpg,0
1958.jpg,2
5526.jpg,2
573.jpg,1
3237.jpg,2
9912.jpg,1
808.jpg,0
438.jpg,1
5534.jpg,1
17472.jpg,1
7719.jpg,2
8166.jpg,1
12520.jpg,1
19058.jpg,2
15317.jpg,2
6429.jpg,0
5269.jpg,0
10442.jpg,2
19879.jpg,2
18344.jpg,0
7096.jpg,2
16949.jpg,1
4827.jpg,2
1554.jpg,1
10902.jpg,2
15304.jpg,0
5285.jpg,0
10640.jpg,2
10527.jpg,1
9656.jpg,0
3427.jpg,1
15288.jpg,0
13629.jpg,0
15110.jpg,2
19513.jpg,0
18180.jpg,1
6170.jpg,2
8577.jpg,0
14021.jpg,1
4942.jpg,2
12684.jpg,0
11601.jpg,0
775.jpg,0
13006.jpg,1
7443.jpg,0
4565.jpg,1
14436.jpg,2
4567.jpg,1
19896.jpg,0
8198.jpg,1
2463.jpg,0
10684.jpg,1
12135.jpg,0
10291.jpg,2
13765.jpg,1
18794.jpg,0
4576.jpg,2
6990.jpg,1
5335.jpg,1
8788.jpg,0
16778.jpg,1
6377.jpg,2
2908.jpg,0
6028.jpg,0
17105.jpg,2
11969.jpg,1
1397.jpg,2
1422.jpg,2
5442.jpg,2
9251.jpg,2
2923.jpg,1
15908.jpg,2
10642.jpg,1
3382.jpg,2
12720.jpg,0
18756.jpg,0
8832.jpg,2
1967.jpg,2
3396.jpg,1
8835.jpg,2
13402.jpg,2
8412.jpg,1
7877.jpg,0
5495.jpg,2
404.jpg,2
8984.jpg,1
11405.jpg,1
13798.jpg,1
14780.jpg,1
2896.jpg,2
5323.jpg,1
13809.jpg,1
7108.jpg,0
14634.jpg,2
7939.jpg,0
16153.jpg,1
11229.jpg,1
11821.jpg,2
9725.jpg,0
2936.jpg,0
14153.jpg,2
1636.jpg,0
16792.jpg,1
18593.jpg,0
1025.jpg,1
15299.jpg,2
3741.jpg,2
7914.jpg,1
3988.jpg,1
3151.jpg,0
9526.jpg,0
1550.jpg,0
2339.jpg,1
9127.jpg,0
10861.jpg,1
19101.jpg,0
3225.jpg,2
15923.jpg,2
7873.jpg,1
11628.jpg,0
4217.jpg,2
19510.jpg,1
5650.jpg,0
2261.jpg,2
3397.jpg,0
14019.jpg,1
13775.jpg,2
765.jpg,0
1220.jpg,0
2922.jpg,0
6588.jpg,2
14232.jpg,2
18769.jpg,0
9291.jpg,0
14431.jpg,2
1369.jpg,1
6826.jpg,0
7251.jpg,2
13158.jpg,2
7469.jpg,2
3785.jpg,2
12519.jpg,2
13957.jpg,1
11212.jpg,1
10278.jpg,0
8374.jpg,2
19674.jpg,0
4835.jpg,1
14397.jpg,2
13171.jpg,0
16420.jpg,2
4985.jpg,1
10911.jpg,0
3209.jpg,0
15071.jpg,0
14556.jpg,0
401.jpg,0
3394.jpg,2
5444.jpg,0
9281.jpg,0
49.jpg,1
11827.jpg,0
18231.jpg,2
5524.jpg,1
18592.jpg,0
10283.jpg,1
9518.jpg,2
2506.jpg,2
3387.jpg,0
16194.jpg,2
16547.jpg,0
4175.jpg,2
17098.jpg,1
16221.jpg,0
4834.jpg,2
19049.jpg,2
4007.jpg,1
8372.jpg,2
18544.jpg,1
10731.jpg,1
7045.jpg,1
559.jpg,2
14144.jpg,2
13993.jpg,2
7042.jpg,2
18546.jpg,0
16753.jpg,0
19921.jpg,2
6161.jpg,1
7053.jpg,1
1341.jpg,2
6004.jpg,1
4160.jpg,0
3631.jpg,2
11161.jpg,2
6016.jpg,1
14033.jpg,2
6767.jpg,0
2710.jpg,0
8228.jpg,0
11613.jpg,0
18424.jpg,2
15074.jpg,2
2059.jpg,0
12864.jpg,0
12244.jpg,0
18783.jpg,2
18184.jpg,1
17868.jpg,0
7642.jpg,2
16544.jpg,2
566.jpg,1
8827.jpg,1
14423.jpg,1
6945.jpg,2
15675.jpg,0
19689.jpg,0
3143.jpg,1
15539.jpg,2
5644.jpg,1
4375.jpg,2
1781.jpg,1
14027.jpg,1
16430.jpg,2
8565.jpg,1
2264.jpg,0
11610.jpg,1
18196.jpg,1
9522.jpg,1
1555.jpg,1
14786.jpg,1
4774.jpg,0
12053.jpg,2
7724.jpg,1
3746.jpg,2
4943.jpg,1
17114.jpg,1
6414.jpg,0
10078.jpg,1
15258.jpg,1
1381.jpg,2
11203.jpg,0
9125.jpg,1
11228.jpg,1
12873.jpg,2
12680.jpg,0
15060.jpg,1
16208.jpg,0
10468.jpg,2
66.jpg,0
5324.jpg,0
19846.jpg,0
11979.jpg,1
9054.jpg,2
3420.jpg,0
7859.jpg,0
3582.jpg,1
19663.jpg,1
2300.jpg,0
14152.jpg,1
13570.jpg,1
11162.jpg,1
17301.jpg,2
12336.jpg,1
15313.jpg,1
2072.jpg,2
3395.jpg,0
1378.jpg,1
9487.jpg,0
8994.jpg,1
7056.jpg,1
2661.jpg,1
13776.jpg,2
4238.jpg,2
13978.jpg,0
13777.jpg,0
8748.jpg,0
6360.jpg,0
4612.jpg,2
1195.jpg,1
11363.jpg,0
18034.jpg,0
7321.jpg,0
10252.jpg,0
3422.jpg,1
2717.jpg,0
7253.jpg,0
13942.jpg,1
9718.jpg,1
1740.jpg,2
14385.jpg,1
8824.jpg,0
12694.jpg,1
6212.jpg,0
15529.jpg,1
6985.jpg,1
18625.jpg,1
16183.jpg,0
8216.jpg,2
13826.jpg,1
10485.jpg,0
4573.jpg,0
1580.jpg,0
4177.jpg,1
359.jpg,2
1232.jpg,2
12094.jpg,1
13388.jpg,1
18542.jpg,0
19072.jpg,1
20018.jpg,2
8985.jpg,0
9490.jpg,2
12646.jpg,1
13773.jpg,2
7731.jpg,2
17506.jpg,1
3542.jpg,1
2897.jpg,2
9520.jpg,0
17500.jpg,2
15107.jpg,1
13188.jpg,0
981.jpg,2
13599.jpg,0
4548.jpg,2
1153.jpg,2
13363.jpg,1
16423.jpg,0
5069.jpg,0
5682.jpg,1
4359.jpg,0
17930.jpg,1
4161.jpg,0
12736.jpg,0
13403.jpg,2
11349.jpg,0
9078.jpg,1
9241.jpg,0
2098.jpg,2
14744.jpg,0
11616.jpg,2
3141.jpg,1
15498.jpg,1
8016.jpg,1
2927.jpg,2
4981.jpg,2
8639.jpg,0
16569.jpg,0
6605.jpg,0
10318.jpg,0
6759.jpg,0
12322.jpg,2
10320.jpg,1
2099.jpg,0
411.jpg,1
14621.jpg,1
3750.jpg,2
10497.jpg,1
12733.jpg,0
16975.jpg,1
6981.jpg,2
14419.jpg,2
1231.jpg,0
639.jpg,1
18636.jpg,1
8360.jpg,0
19699.jpg,1
17892.jpg,2
10668.jpg,1
16812.jpg,1
9532.jpg,1
18755.jpg,0
19894.jpg,2
4371.jpg,1
16609.jpg,1
3219.jpg,2
10723.jpg,2
2277.jpg,2
17067.jpg,1
3430.jpg,1
2504.jpg,1
8202.jpg,0
2887.jpg,0
7535.jpg,2
10251.jpg,0
19302.jpg,0
16977.jpg,1
11003.jpg,0
4770.jpg,0
3191.jpg,2
18208.jpg,1
11759.jpg,2
13371.jpg,0
18419.jpg,0
3780.jpg,1
15058.jpg,1
7091.jpg,0
19649.jpg,0
6417.jpg,0
14185.jpg,1
18597.jpg,2
12872.jpg,2
1625.jpg,1
6175.jpg,0
7290.jpg,2
12444.jpg,2
4600.jpg,0
13827.jpg,0
9492.jpg,1
14543.jpg,0
16182.jpg,2
10491.jpg,2
14225.jpg,1
19260.jpg,0
2882.jpg,0
7331.jpg,2
18156.jpg,0
10330.jpg,1
17272.jpg,0
8942.jpg,2
10294.jpg,1
18550.jpg,0
8358.jpg,0
7241.jpg,0
14623.jpg,1
10295.jpg,0
12091.jpg,0
1959.jpg,0
9480.jpg,2
5286.jpg,2
18237.jpg,0
13603.jpg,0
18234.jpg,0
18152.jpg,1
11410.jpg,0
18230.jpg,1
361.jpg,1
4748.jpg,0
12641.jpg,1
19305.jpg,2
5861.jpg,1
12692.jpg,0
4983.jpg,1
12939.jpg,0
18971.jpg,0
15477.jpg,2
18785.jpg,2
14545.jpg,2
6366.jpg,1
3183.jpg,1
13820.jpg,2
2262.jpg,2
3020.jpg,0
1552.jpg,1
18582.jpg,1
5518.jpg,1
17923.jpg,1
13010.jpg,0
17302.jpg,0
12469.jpg,1
13955.jpg,2
11825.jpg,2
7860.jpg,0
5092.jpg,0
5440.jpg,0
10242.jpg,1
16431.jpg,0
18342.jpg,0
17715.jpg,1
9091.jpg,2
5533.jpg,0
16346.jpg,0
3145.jpg,0
3579.jpg,0
8601.jpg,0
9283.jpg,0
11770.jpg,1
13835.jpg,0
18009.jpg,2
48.jpg,1
11774.jpg,2
12735.jpg,2
14795.jpg,1
968.jpg,0
14344.jpg,1
11943.jpg,2
8558.jpg,2
10452.jpg,0
3557.jpg,2
7496.jpg,0
19926.jpg,2
15466.jpg,1
13952.jpg,1
1156.jpg,2
1626.jpg,2
17932.jpg,0
6818.jpg,1
9044.jpg,2
18381.jpg,2
8837.jpg,2
7913.jpg,1
5530.jpg,2
8172.jpg,2
14378.jpg,1
8602.jpg,0
19703.jpg,2
11986.jpg,2
3769.jpg,2
9332.jpg,0
14353.jpg,1
8599.jpg,1
1346.jpg,2
15307.jpg,1
17058.jpg,0
19465.jpg,2
19701.jpg,0
3585.jpg,2
407.jpg,1
10285.jpg,1
14782.jpg,2
6954.jpg,0
11639.jpg,1
1593.jpg,0
6007.jpg,2
15729.jpg,0
17107.jpg,1
13821.jpg,2
5053.jpg,0
7694.jpg,1
4558.jpg,0
16382.jpg,2
19844.jpg,2
17739.jpg,1
7080.jpg,1
15338.jpg,2
2659.jpg,2
3964.jpg,2
189.jpg,2
17673.jpg,0
16965.jpg,0
3356.jpg,1
10870.jpg,2
5912.jpg,1
11213.jpg,1
11837.jpg,1
14434.jpg,0
16795.jpg,0
13991.jpg,2
9684.jpg,0
3551.jpg,1
10126.jpg,0
6763.jpg,0
8821.jpg,0
10519.jpg,1
1144.jpg,1
7287.jpg,0
16390.jpg,1
8822.jpg,0
19713.jpg,0
9527.jpg,0
10720.jpg,0
16817.jpg,1
4956.jpg,1
2114.jpg,0
1590.jpg,1
9680.jpg,0
10928.jpg,2
8177.jpg,1
8188.jpg,1
2511.jpg,2
2893.jpg,1
3391.jpg,0
14233.jpg,1
19460.jpg,0
16618.jpg,2
955.jpg,2
14781.jpg,2
7709.jpg,1
19067.jpg,2
3637.jpg,1
4158.jpg,0
9246.jpg,1
11993.jpg,0
12451.jpg,0
19925.jpg,2
14540.jpg,2
9906.jpg,2
1966.jpg,1
1622.jpg,0
12697.jpg,2
12916.jpg,1
9456.jpg,1
13996.jpg,1
16786.jpg,0
6603.jpg,2
15673.jpg,0
17267.jpg,0
18233.jpg,2
15714.jpg,0
17841.jpg,2
9905.jpg,0
5531.jpg,1
1786.jpg,0
19868.jpg,1
11360.jpg,2
167.jpg,1
7123.jpg,1
7687.jpg,2
3801.jpg,2
16583.jpg,2
602.jpg,2
9899.jpg,0
7730.jpg,0
3803.jpg,2
15516.jpg,1
12468.jpg,2
17845.jpg,2
2113.jpg,2
12280.jpg,0
11990.jpg,0
2880.jpg,0
2314.jpg,1
11204.jpg,1
2894.jpg,1
954.jpg,1
8366.jpg,0
15701.jpg,0
1805.jpg,2
5848.jpg,2
12127.jpg,2
7292.jpg,0
18959.jpg,0
9481.jpg,2
4820.jpg,1
5121.jpg,1
5849.jpg,2
10678.jpg,1
3999.jpg,2
16550.jpg,0
5708.jpg,0
15538.jpg,0
15270.jpg,1
15845.jpg,0
10441.jpg,1
4001.jpg,1
14632.jpg,1
5331.jpg,0
5079.jpg,0
2738.jpg,0
1185.jpg,1
13766.jpg,2
13749.jpg,2
19934.jpg,2
10736.jpg,1
7522.jpg,1
12333.jpg,2
3998.jpg,2
18422.jpg,1
9243.jpg,0
7291.jpg,0
2077.jpg,1
9135.jpg,0
10130.jpg,2
19273.jpg,2
1233.jpg,2
16568.jpg,1
3747.jpg,2
16155.jpg,1
12535.jpg,0
11994.jpg,2
14030.jpg,2
9537.jpg,0
9095.jpg,0
18436.jpg,2
1193.jpg,0
5268.jpg,2
6416.jpg,2
1235.jpg,1
16234.jpg,0
1592.jpg,1
9322.jpg,2
8980.jpg,1
10719.jpg,2
969.jpg,2
3596.jpg,0
9871.jpg,1
19923.jpg,0
990.jpg,0
10695.jpg,0
3796.jpg,2
13953.jpg,2
16813.jpg,0
19466.jpg,0
3220.jpg,1
1964.jpg,0
4821.jpg,0
1034.jpg,1
16152.jpg,1
18236.jpg,2
170.jpg,1
18430.jpg,2
5483.jpg,1
19263.jpg,1
19104.jpg,0
18431.jpg,1
4004.jpg,1
14218.jpg,0
12726.jpg,1
6374.jpg,2
10533.jpg,1
18580.jpg,0
15459.jpg,1
8566.jpg,1
13822.jpg,0
5860.jpg,1
11598.jpg,2
4003.jpg,1
7520.jpg,0
11978.jpg,1
17111.jpg,2
12691.jpg,2
2674.jpg,1
1750.jpg,2
12647.jpg,2
3142.jpg,0
16624.jpg,0
11004.jpg,2
4365.jpg,0
13362.jpg,2
1542.jpg,0
18421.jpg,1
3591.jpg,1
6566.jpg,1
15882.jpg,1
15248.jpg,2
8363.jpg,0
5087.jpg,1
8376.jpg,0
7087.jpg,2
17925.jpg,2
1998.jpg,2
10917.jpg,1
1009.jpg,0
5456.jpg,1
6238.jpg,0
18154.jpg,1
163.jpg,2
7482.jpg,1
13217.jpg,2
6789.jpg,1
10653.jpg,0
7899.jpg,1
7118.jpg,0
4979.jpg,0
19920.jpg,2
2699.jpg,1
9109.jpg,2
9525.jpg,1
8.jpg,1
5906.jpg,2
7916.jpg,1
12732.jpg,2
15885.jpg,1
6402.jpg,2
2840.jpg,1
7135.jpg,1
19299.jpg,1
13213.jpg,0
14966.jpg,1
18807.jpg,1
991.jpg,0
15841.jpg,1
3193.jpg,0
2847.jpg,0
2259.jpg,2
3553.jpg,2
13429.jpg,2
9090.jpg,1
8567.jpg,1
367.jpg,0
14184.jpg,0
5292.jpg,0
18155.jpg,2
17855.jpg,1
13238.jpg,0
9450.jpg,1
12727.jpg,0
17074.jpg,1
13164.jpg,1
5325.jpg,1
12938.jpg,0
3384.jpg,1
19129.jpg,1
5108.jpg,2
18157.jpg,0
15104.jpg,1
12531.jpg,2
1753.jpg,0
1391.jpg,0
19517.jpg,2
6823.jpg,1
18140.jpg,0
4599.jpg,2
19855.jpg,0
1587.jpg,0
8559.jpg,1
16395.jpg,0
17314.jpg,2
12247.jpg,2
4016.jpg,0
10492.jpg,1
12905.jpg,1
1796.jpg,2
13216.jpg,0
16545.jpg,2
7320.jpg,1
7644.jpg,1
978.jpg,1
12494.jpg,0
10327.jpg,2
10508.jpg,2
8777.jpg,0
10051.jpg,1
1751.jpg,0
10656.jpg,0
2924.jpg,1
11760.jpg,1
17664.jpg,1
13983.jpg,0
7455.jpg,0
14409.jpg,2
3036.jpg,2
11011.jpg,0
18963.jpg,2
10050.jpg,1
6205.jpg,0
8389.jpg,1
6616.jpg,1
14964.jpg,2
12108.jpg,1
10509.jpg,2
7491.jpg,0
5280.jpg,2
1154.jpg,1
1630.jpg,0
11824.jpg,2
14393.jpg,2
8399.jpg,0
4589.jpg,0
5492.jpg,2
10693.jpg,2
3752.jpg,2
12865.jpg,2
2088.jpg,0
2705.jpg,0
18151.jpg,0
14785.jpg,1
7285.jpg,1
10722.jpg,2
15667.jpg,1
11831.jpg,2
405.jpg,1
5054.jpg,2
412.jpg,0
11992.jpg,0
7722.jpg,2
15471.jpg,1
10134.jpg,2
14972.jpg,1
19075.jpg,1
4607.jpg,2
18557.jpg,1
12858.jpg,2
19728.jpg,0
7683.jpg,1
6188.jpg,1
10848.jpg,2
10645.jpg,1
12478.jpg,2
18814.jpg,0
19139.jpg,2
9308.jpg,1
12457.jpg,1
12657.jpg,1
7324.jpg,0
6984.jpg,2
6201.jpg,0
15329.jpg,1
18817.jpg,1
15894.jpg,1
6628.jpg,2
7641.jpg,2
17113.jpg,1
15699.jpg,0
10646.jpg,0
10086.jpg,1
9647.jpg,1
11614.jpg,1
14544.jpg,2
3369.jpg,2
16793.jpg,0
17263.jpg,1
8001.jpg,0
12482.jpg,2
4571.jpg,0
1224.jpg,1
2857.jpg,2
9913.jpg,0
3949.jpg,1
15892.jpg,2
5913.jpg,2
15884.jpg,2
16226.jpg,2
5875.jpg,1
14435.jpg,2
15048.jpg,0
10094.jpg,2
14554.jpg,2
12242.jpg,2
9478.jpg,2
17104.jpg,2
10444.jpg,0
19688.jpg,1
5899.jpg,1
11808.jpg,0
15514.jpg,0
12447.jpg,1
5326.jpg,1
14231.jpg,0
17528.jpg,2
6773.jpg,0
4377.jpg,2
9096.jpg,1
4969.jpg,2
18793.jpg,0
11401.jpg,2
19070.jpg,1
17458.jpg,1
14390.jpg,2
1829.jpg,1
15098.jpg,0
5652.jpg,0
4370.jpg,2
12292.jpg,2
12294.jpg,2
12913.jpg,0
8210.jpg,1
19502.jpg,2
7645.jpg,2
175.jpg,1
13205.jpg,2
3155.jpg,1
6439.jpg,2
9874.jpg,1
188.jpg,0
4605.jpg,1
7127.jpg,2
19706.jpg,1
18197.jpg,2
10137.jpg,2
11834.jpg,2
11006.jpg,1
15501.jpg,2
17312.jpg,2
17667.jpg,2
214.jpg,2
3008.jpg,2
17844.jpg,2
7086.jpg,2
12097.jpg,2
16623.jpg,0
13941.jpg,1
17515.jpg,1
5726.jpg,1
617.jpg,0
12245.jpg,2
60.jpg,2
8610.jpg,2
16585.jpg,1
6005.jpg,0
7479.jpg,1
7090.jpg,2
